1,Adam,McArdle,O-,sggdsg@gmail.com,021 543563,wellington,test,test
2,James,Green,O+,smurf@gmail.com,021 44232,wellington,jamo,pw
3,Bob,Blue,B-,bobob@gmail.com,2423434324,wellington,bobo,pword
4,John,Black,B+,Johng@gmail.com,5443321,auckland,johno,popo
5,Abby,Orange,A-,Abbyg@gmail.com,0800 838332,auckland,abbo,wordp
6,Pear,Yellow,A+,Pear@gmail.com,0800 3332,auckland,pearo,paswurd
7,Jane,Purple,AB-,Bloopg@gmail.com,0800 85332,dunedin,janeo,parsewurd
8,Penny,White,AB+,urg@gmail.com,0800 845332,dunedin,penneo,passwud
9,Rob,Cream,O+,mlem@gmail.com,0800 548332,dunedin,robbo,aabbcc
